-- 综合管廊运维控制台数据库初始化脚本
-- DDL + 种子数据

CREATE TABLE IF NOT EXISTS section (
    id VARCHAR(36) PRIMARY KEY,
    name VARCHAR(50) NOT NULL,
    seq_no INTEGER NOT NULL,
    description TEXT,
    created_at TIMESTAMP DEFAULT NOW()
);

CREATE TABLE IF NOT EXISTS compartment (
    id VARCHAR(36) PRIMARY KEY,
    section_id VARCHAR(36) NOT NULL REFERENCES section(id),
    name VARCHAR(50) NOT NULL,
    type VARCHAR(30) NOT NULL,
    ventilation_on BOOLEAN DEFAULT FALSE,
    pump_on BOOLEAN DEFAULT FALSE,
    entry_blocked BOOLEAN DEFAULT FALSE,
    created_at TIMESTAMP DEFAULT NOW()
);

CREATE TABLE IF NOT EXISTS sensor (
    id VARCHAR(36) PRIMARY KEY,
    compartment_id VARCHAR(36) NOT NULL REFERENCES compartment(id),
    sensor_type VARCHAR(30) NOT NULL,
    unit VARCHAR(20) NOT NULL,
    installed_at TIMESTAMP DEFAULT NOW()
);

CREATE TABLE IF NOT EXISTS sensor_reading (
    id VARCHAR(36) PRIMARY KEY,
    sensor_id VARCHAR(36) NOT NULL REFERENCES sensor(id),
    value DOUBLE PRECISION,
    str_value VARCHAR(50),
    timestamp TIMESTAMP NOT NULL,
    created_at TIMESTAMP DEFAULT NOW()
);

CREATE TABLE IF NOT EXISTS threshold_config (
    id VARCHAR(36) PRIMARY KEY,
    sensor_type VARCHAR(30) NOT NULL UNIQUE,
    level1_value DOUBLE PRECISION NOT NULL,
    level2_value DOUBLE PRECISION NOT NULL,
    direction VARCHAR(10) NOT NULL DEFAULT 'above',
    updated_at TIMESTAMP DEFAULT NOW()
);

CREATE TABLE IF NOT EXISTS alarm (
    id VARCHAR(36) PRIMARY KEY,
    sensor_id VARCHAR(36) NOT NULL REFERENCES sensor(id),
    compartment_id VARCHAR(36) NOT NULL REFERENCES compartment(id),
    alarm_level INTEGER NOT NULL,
    sensor_type VARCHAR(30) NOT NULL,
    value DOUBLE PRECISION,
    message TEXT,
    acknowledged BOOLEAN DEFAULT FALSE,
    created_at TIMESTAMP DEFAULT NOW()
);

CREATE TABLE IF NOT EXISTS interlock_log (
    id VARCHAR(36) PRIMARY KEY,
    compartment_id VARCHAR(36) NOT NULL REFERENCES compartment(id),
    trigger_type VARCHAR(50) NOT NULL,
    trigger_value DOUBLE PRECISION,
    action TEXT NOT NULL,
    created_at TIMESTAMP DEFAULT NOW()
);

CREATE TABLE IF NOT EXISTS inspector (
    id VARCHAR(36) PRIMARY KEY,
    name VARCHAR(50) NOT NULL,
    phone VARCHAR(20),
    department VARCHAR(50),
    created_at TIMESTAMP DEFAULT NOW()
);

CREATE TABLE IF NOT EXISTS inspection_order (
    id VARCHAR(36) PRIMARY KEY,
    inspector_id VARCHAR(36) NOT NULL REFERENCES inspector(id),
    compartment_ids TEXT[] NOT NULL,
    check_items TEXT NOT NULL,
    status VARCHAR(20) DEFAULT 'pending',
    scheduled_start TIMESTAMP,
    scheduled_end TIMESTAMP,
    created_at TIMESTAMP DEFAULT NOW()
);

CREATE TABLE IF NOT EXISTS checkin_record (
    id VARCHAR(36) PRIMARY KEY,
    order_id VARCHAR(36) NOT NULL REFERENCES inspection_order(id),
    inspector_id VARCHAR(36) NOT NULL REFERENCES inspector(id),
    compartment_id VARCHAR(36) NOT NULL REFERENCES compartment(id),
    checkin_time TIMESTAMP DEFAULT NOW(),
    note TEXT
);

CREATE TABLE IF NOT EXISTS hazard_report (
    id VARCHAR(36) PRIMARY KEY,
    order_id VARCHAR(36) NOT NULL REFERENCES inspection_order(id),
    reporter_id VARCHAR(36) NOT NULL REFERENCES inspector(id),
    compartment_id VARCHAR(36) NOT NULL REFERENCES compartment(id),
    description TEXT NOT NULL,
    severity VARCHAR(20) DEFAULT 'medium',
    status VARCHAR(20) DEFAULT 'open',
    created_at TIMESTAMP DEFAULT NOW()
);

INSERT INTO section (id, name, seq_no, description) VALUES
('10000000-0000-0000-0000-000000000001', 'A1', 1, 'A1标段综合管廊'),
('10000000-0000-0000-0000-000000000002', 'A2', 2, 'A2标段综合管廊'),
('10000000-0000-0000-0000-000000000003', 'A3', 3, 'A3标段综合管廊'),
('10000000-0000-0000-0000-000000000004', 'A4', 4, 'A4标段综合管廊');

INSERT INTO compartment (id, section_id, name, type, ventilation_on, pump_on, entry_blocked) VALUES
('20000000-0000-0000-0000-000000000001', '10000000-0000-0000-0000-000000000001', 'A1-电力舱', '电力舱', FALSE, FALSE, FALSE),
('20000000-0000-0000-0000-000000000002', '10000000-0000-0000-0000-000000000001', 'A1-燃气舱', '燃气舱', FALSE, FALSE, FALSE),
('20000000-0000-0000-0000-000000000003', '10000000-0000-0000-0000-000000000001', 'A1-综合舱', '综合舱', FALSE, FALSE, FALSE),
('20000000-0000-0000-0000-000000000004', '10000000-0000-0000-0000-000000000002', 'A2-电力舱', '电力舱', FALSE, FALSE, FALSE),
('20000000-0000-0000-0000-000000000005', '10000000-0000-0000-0000-000000000002', 'A2-燃气舱', '燃气舱', TRUE, FALSE, TRUE),
('20000000-0000-0000-0000-000000000006', '10000000-0000-0000-0000-000000000002', 'A2-综合舱', '综合舱', FALSE, FALSE, FALSE),
('20000000-0000-0000-0000-000000000007', '10000000-0000-0000-0000-000000000003', 'A3-电力舱', '电力舱', FALSE, FALSE, FALSE),
('20000000-0000-0000-0000-000000000008', '10000000-0000-0000-0000-000000000003', 'A3-燃气舱', '燃气舱', FALSE, FALSE, FALSE),
('20000000-0000-0000-0000-000000000009', '10000000-0000-0000-0000-000000000003', 'A3-综合舱', '综合舱', FALSE, TRUE, FALSE),
('20000000-0000-0000-0000-000000000010', '10000000-0000-0000-0000-000000000004', 'A4-电力舱', '电力舱', FALSE, FALSE, FALSE),
('20000000-0000-0000-0000-000000000011', '10000000-0000-0000-0000-000000000004', 'A4-燃气舱', '燃气舱', FALSE, FALSE, FALSE),
('20000000-0000-0000-0000-000000000012', '10000000-0000-0000-0000-000000000004', 'A4-综合舱', '综合舱', FALSE, FALSE, FALSE);

INSERT INTO sensor (id, compartment_id, sensor_type, unit) VALUES
('30000000-0000-0000-0000-000000000001', '20000000-0000-0000-0000-000000000001', 'temperature', '°C'),
('30000000-0000-0000-0000-000000000002', '20000000-0000-0000-0000-000000000001', 'humidity', '%RH'),
('30000000-0000-0000-0000-000000000003', '20000000-0000-0000-0000-000000000001', 'oxygen', '%VOL'),
('30000000-0000-0000-0000-000000000004', '20000000-0000-0000-0000-000000000001', 'gas', 'LEL%'),
('30000000-0000-0000-0000-000000000005', '20000000-0000-0000-0000-000000000001', 'water_level', 'cm'),
('30000000-0000-0000-0000-000000000006', '20000000-0000-0000-0000-000000000001', 'fire_door', 'status'),
('30000000-0000-0000-0000-000000000007', '20000000-0000-0000-0000-000000000002', 'temperature', '°C'),
('30000000-0000-0000-0000-000000000008', '20000000-0000-0000-0000-000000000002', 'humidity', '%RH'),
('30000000-0000-0000-0000-000000000009', '20000000-0000-0000-0000-000000000002', 'oxygen', '%VOL'),
('30000000-0000-0000-0000-000000000010', '20000000-0000-0000-0000-000000000002', 'gas', 'LEL%'),
('30000000-0000-0000-0000-000000000011', '20000000-0000-0000-0000-000000000002', 'water_level', 'cm'),
('30000000-0000-0000-0000-000000000012', '20000000-0000-0000-0000-000000000002', 'fire_door', 'status'),
('30000000-0000-0000-0000-000000000013', '20000000-0000-0000-0000-000000000003', 'temperature', '°C'),
('30000000-0000-0000-0000-000000000014', '20000000-0000-0000-0000-000000000003', 'humidity', '%RH'),
('30000000-0000-0000-0000-000000000015', '20000000-0000-0000-0000-000000000003', 'oxygen', '%VOL'),
('30000000-0000-0000-0000-000000000016', '20000000-0000-0000-0000-000000000003', 'gas', 'LEL%'),
('30000000-0000-0000-0000-000000000017', '20000000-0000-0000-0000-000000000003', 'water_level', 'cm'),
('30000000-0000-0000-0000-000000000018', '20000000-0000-0000-0000-000000000003', 'fire_door', 'status'),
('30000000-0000-0000-0000-000000000019', '20000000-0000-0000-0000-000000000004', 'temperature', '°C'),
('30000000-0000-0000-0000-000000000020', '20000000-0000-0000-0000-000000000004', 'humidity', '%RH'),
('30000000-0000-0000-0000-000000000021', '20000000-0000-0000-0000-000000000004', 'oxygen', '%VOL'),
('30000000-0000-0000-0000-000000000022', '20000000-0000-0000-0000-000000000004', 'gas', 'LEL%'),
('30000000-0000-0000-0000-000000000023', '20000000-0000-0000-0000-000000000004', 'water_level', 'cm'),
('30000000-0000-0000-0000-000000000024', '20000000-0000-0000-0000-000000000004', 'fire_door', 'status'),
('30000000-0000-0000-0000-000000000025', '20000000-0000-0000-0000-000000000005', 'temperature', '°C'),
('30000000-0000-0000-0000-000000000026', '20000000-0000-0000-0000-000000000005', 'humidity', '%RH'),
('30000000-0000-0000-0000-000000000027', '20000000-0000-0000-0000-000000000005', 'oxygen', '%VOL'),
('30000000-0000-0000-0000-000000000028', '20000000-0000-0000-0000-000000000005', 'gas', 'LEL%'),
('30000000-0000-0000-0000-000000000029', '20000000-0000-0000-0000-000000000005', 'water_level', 'cm'),
('30000000-0000-0000-0000-000000000030', '20000000-0000-0000-0000-000000000005', 'fire_door', 'status'),
('30000000-0000-0000-0000-000000000031', '20000000-0000-0000-0000-000000000006', 'temperature', '°C'),
('30000000-0000-0000-0000-000000000032', '20000000-0000-0000-0000-000000000006', 'humidity', '%RH'),
('30000000-0000-0000-0000-000000000033', '20000000-0000-0000-0000-000000000006', 'oxygen', '%VOL'),
('30000000-0000-0000-0000-000000000034', '20000000-0000-0000-0000-000000000006', 'gas', 'LEL%'),
('30000000-0000-0000-0000-000000000035', '20000000-0000-0000-0000-000000000006', 'water_level', 'cm'),
('30000000-0000-0000-0000-000000000036', '20000000-0000-0000-0000-000000000006', 'fire_door', 'status'),
('30000000-0000-0000-0000-000000000037', '20000000-0000-0000-0000-000000000007', 'temperature', '°C'),
('30000000-0000-0000-0000-000000000038', '20000000-0000-0000-0000-000000000007', 'humidity', '%RH'),
('30000000-0000-0000-0000-000000000039', '20000000-0000-0000-0000-000000000007', 'oxygen', '%VOL'),
('30000000-0000-0000-0000-000000000040', '20000000-0000-0000-0000-000000000007', 'gas', 'LEL%'),
('30000000-0000-0000-0000-000000000041', '20000000-0000-0000-0000-000000000007', 'water_level', 'cm'),
('30000000-0000-0000-0000-000000000042', '20000000-0000-0000-0000-000000000007', 'fire_door', 'status'),
('30000000-0000-0000-0000-000000000043', '20000000-0000-0000-0000-000000000008', 'temperature', '°C'),
('30000000-0000-0000-0000-000000000044', '20000000-0000-0000-0000-000000000008', 'humidity', '%RH'),
('30000000-0000-0000-0000-000000000045', '20000000-0000-0000-0000-000000000008', 'oxygen', '%VOL'),
('30000000-0000-0000-0000-000000000046', '20000000-0000-0000-0000-000000000008', 'gas', 'LEL%'),
('30000000-0000-0000-0000-000000000047', '20000000-0000-0000-0000-000000000008', 'water_level', 'cm'),
('30000000-0000-0000-0000-000000000048', '20000000-0000-0000-0000-000000000008', 'fire_door', 'status'),
('30000000-0000-0000-0000-000000000049', '20000000-0000-0000-0000-000000000009', 'temperature', '°C'),
('30000000-0000-0000-0000-000000000050', '20000000-0000-0000-0000-000000000009', 'humidity', '%RH'),
('30000000-0000-0000-0000-000000000051', '20000000-0000-0000-0000-000000000009', 'oxygen', '%VOL'),
('30000000-0000-0000-0000-000000000052', '20000000-0000-0000-0000-000000000009', 'gas', 'LEL%'),
('30000000-0000-0000-0000-000000000053', '20000000-0000-0000-0000-000000000009', 'water_level', 'cm'),
('30000000-0000-0000-0000-000000000054', '20000000-0000-0000-0000-000000000009', 'fire_door', 'status'),
('30000000-0000-0000-0000-000000000055', '20000000-0000-0000-0000-000000000010', 'temperature', '°C'),
('30000000-0000-0000-0000-000000000056', '20000000-0000-0000-0000-000000000010', 'humidity', '%RH'),
('30000000-0000-0000-0000-000000000057', '20000000-0000-0000-0000-000000000010', 'oxygen', '%VOL'),
('30000000-0000-0000-0000-000000000058', '20000000-0000-0000-0000-000000000010', 'gas', 'LEL%'),
('30000000-0000-0000-0000-000000000059', '20000000-0000-0000-0000-000000000010', 'water_level', 'cm'),
('30000000-0000-0000-0000-000000000060', '20000000-0000-0000-0000-000000000010', 'fire_door', 'status'),
('30000000-0000-0000-0000-000000000061', '20000000-0000-0000-0000-000000000011', 'temperature', '°C'),
('30000000-0000-0000-0000-000000000062', '20000000-0000-0000-0000-000000000011', 'humidity', '%RH'),
('30000000-0000-0000-0000-000000000063', '20000000-0000-0000-0000-000000000011', 'oxygen', '%VOL'),
('30000000-0000-0000-0000-000000000064', '20000000-0000-0000-0000-000000000011', 'gas', 'LEL%'),
('30000000-0000-0000-0000-000000000065', '20000000-0000-0000-0000-000000000011', 'water_level', 'cm'),
('30000000-0000-0000-0000-000000000066', '20000000-0000-0000-0000-000000000011', 'fire_door', 'status'),
('30000000-0000-0000-0000-000000000067', '20000000-0000-0000-0000-000000000012', 'temperature', '°C'),
('30000000-0000-0000-0000-000000000068', '20000000-0000-0000-0000-000000000012', 'humidity', '%RH'),
('30000000-0000-0000-0000-000000000069', '20000000-0000-0000-0000-000000000012', 'oxygen', '%VOL'),
('30000000-0000-0000-0000-000000000070', '20000000-0000-0000-0000-000000000012', 'gas', 'LEL%'),
('30000000-0000-0000-0000-000000000071', '20000000-0000-0000-0000-000000000012', 'water_level', 'cm'),
('30000000-0000-0000-0000-000000000072', '20000000-0000-0000-0000-000000000012', 'fire_door', 'status');

INSERT INTO threshold_config (id, sensor_type, level1_value, level2_value, direction) VALUES
('50000000-0000-0000-0000-000000000001', 'temperature', 35, 45, 'above'),
('50000000-0000-0000-0000-000000000002', 'humidity', 70, 85, 'above'),
('50000000-0000-0000-0000-000000000003', 'oxygen', 19.5, 18, 'below'),
('50000000-0000-0000-0000-000000000004', 'gas', 20, 40, 'above'),
('50000000-0000-0000-0000-000000000005', 'water_level', 20, 35, 'above');

INSERT INTO sensor_reading (id, sensor_id, value, str_value, timestamp) VALUES
('40000000-0000-0000-0000-000000000001', '30000000-0000-0000-0000-000000000001', 38, NULL, NOW()),
('40000000-0000-0000-0000-000000000002', '30000000-0000-0000-0000-000000000002', 55, NULL, NOW()),
('40000000-0000-0000-0000-000000000003', '30000000-0000-0000-0000-000000000003', 20.9, NULL, NOW()),
('40000000-0000-0000-0000-000000000004', '30000000-0000-0000-0000-000000000004', 3, NULL, NOW()),
('40000000-0000-0000-0000-000000000005', '30000000-0000-0000-0000-000000000005', 5, NULL, NOW()),
('40000000-0000-0000-0000-000000000006', '30000000-0000-0000-0000-000000000006', NULL, 'closed', NOW()),
('40000000-0000-0000-0000-000000000007', '30000000-0000-0000-0000-000000000007', 28, NULL, NOW()),
('40000000-0000-0000-0000-000000000008', '30000000-0000-0000-0000-000000000008', 50, NULL, NOW()),
('40000000-0000-0000-0000-000000000009', '30000000-0000-0000-0000-000000000009', 21.0, NULL, NOW()),
('40000000-0000-0000-0000-000000000010', '30000000-0000-0000-0000-000000000010', 8, NULL, NOW()),
('40000000-0000-0000-0000-000000000011', '30000000-0000-0000-0000-000000000011', 3, NULL, NOW()),
('40000000-0000-0000-0000-000000000012', '30000000-0000-0000-0000-000000000012', NULL, 'closed', NOW()),
('40000000-0000-0000-0000-000000000013', '30000000-0000-0000-0000-000000000013', 26, NULL, NOW()),
('40000000-0000-0000-0000-000000000014', '30000000-0000-0000-0000-000000000014', 52, NULL, NOW()),
('40000000-0000-0000-0000-000000000015', '30000000-0000-0000-0000-000000000015', 20.8, NULL, NOW()),
('40000000-0000-0000-0000-000000000016', '30000000-0000-0000-0000-000000000016', 5, NULL, NOW()),
('40000000-0000-0000-0000-000000000017', '30000000-0000-0000-0000-000000000017', 4, NULL, NOW()),
('40000000-0000-0000-0000-000000000018', '30000000-0000-0000-0000-000000000018', NULL, 'closed', NOW()),
('40000000-0000-0000-0000-000000000019', '30000000-0000-0000-0000-000000000019', 30, NULL, NOW()),
('40000000-0000-0000-0000-000000000020', '30000000-0000-0000-0000-000000000020', 48, NULL, NOW()),
('40000000-0000-0000-0000-000000000021', '30000000-0000-0000-0000-000000000021', 21.0, NULL, NOW()),
('40000000-0000-0000-0000-000000000022', '30000000-0000-0000-0000-000000000022', 2, NULL, NOW()),
('40000000-0000-0000-0000-000000000023', '30000000-0000-0000-0000-000000000023', 6, NULL, NOW()),
('40000000-0000-0000-0000-000000000024', '30000000-0000-0000-0000-000000000024', NULL, 'closed', NOW()),
('40000000-0000-0000-0000-000000000025', '30000000-0000-0000-0000-000000000025', 29, NULL, NOW()),
('40000000-0000-0000-0000-000000000026', '30000000-0000-0000-0000-000000000026', 53, NULL, NOW()),
('40000000-0000-0000-0000-000000000027', '30000000-0000-0000-0000-000000000027', 20.5, NULL, NOW()),
('40000000-0000-0000-0000-000000000028', '30000000-0000-0000-0000-000000000028', 28, NULL, NOW()),
('40000000-0000-0000-0000-000000000029', '30000000-0000-0000-0000-000000000029', 4, NULL, NOW()),
('40000000-0000-0000-0000-000000000030', '30000000-0000-0000-0000-000000000030', NULL, 'closed', NOW()),
('40000000-0000-0000-0000-000000000031', '30000000-0000-0000-0000-000000000031', 27, NULL, NOW()),
('40000000-0000-0000-0000-000000000032', '30000000-0000-0000-0000-000000000032', 51, NULL, NOW()),
('40000000-0000-0000-0000-000000000033', '30000000-0000-0000-0000-000000000033', 20.9, NULL, NOW()),
('40000000-0000-0000-0000-000000000034', '30000000-0000-0000-0000-000000000034', 4, NULL, NOW()),
('40000000-0000-0000-0000-000000000035', '30000000-0000-0000-0000-000000000035', 7, NULL, NOW()),
('40000000-0000-0000-0000-000000000036', '30000000-0000-0000-0000-000000000036', NULL, 'closed', NOW()),
('40000000-0000-0000-0000-000000000037', '30000000-0000-0000-0000-000000000037', 31, NULL, NOW()),
('40000000-0000-0000-0000-000000000038', '30000000-0000-0000-0000-000000000038', 49, NULL, NOW()),
('40000000-0000-0000-0000-000000000039', '30000000-0000-0000-0000-000000000039', 20.7, NULL, NOW()),
('40000000-0000-0000-0000-000000000040', '30000000-0000-0000-0000-000000000040', 3, NULL, NOW()),
('40000000-0000-0000-0000-000000000041', '30000000-0000-0000-0000-000000000041', 8, NULL, NOW()),
('40000000-0000-0000-0000-000000000042', '30000000-0000-0000-0000-000000000042', NULL, 'closed', NOW()),
('40000000-0000-0000-0000-000000000043', '30000000-0000-0000-0000-000000000043', 27, NULL, NOW()),
('40000000-0000-0000-0000-000000000044', '30000000-0000-0000-0000-000000000044', 54, NULL, NOW()),
('40000000-0000-0000-0000-000000000045', '30000000-0000-0000-0000-000000000045', 21.0, NULL, NOW()),
('40000000-0000-0000-0000-000000000046', '30000000-0000-0000-0000-000000000046', 6, NULL, NOW()),
('40000000-0000-0000-0000-000000000047', '30000000-0000-0000-0000-000000000047', 5, NULL, NOW()),
('40000000-0000-0000-0000-000000000048', '30000000-0000-0000-0000-000000000048', NULL, 'closed', NOW()),
('40000000-0000-0000-0000-000000000049', '30000000-0000-0000-0000-000000000049', 28, NULL, NOW()),
('40000000-0000-0000-0000-000000000050', '30000000-0000-0000-0000-000000000050', 60, NULL, NOW()),
('40000000-0000-0000-0000-000000000051', '30000000-0000-0000-0000-000000000051', 20.5, NULL, NOW()),
('40000000-0000-0000-0000-000000000052', '30000000-0000-0000-0000-000000000052', 7, NULL, NOW()),
('40000000-0000-0000-0000-000000000053', '30000000-0000-0000-0000-000000000053', 35, NULL, NOW()),
('40000000-0000-0000-0000-000000000054', '30000000-0000-0000-0000-000000000054', NULL, 'closed', NOW()),
('40000000-0000-0000-0000-000000000055', '30000000-0000-0000-0000-000000000055', 29, NULL, NOW()),
('40000000-0000-0000-0000-000000000056', '30000000-0000-0000-0000-000000000056', 47, NULL, NOW()),
('40000000-0000-0000-0000-000000000057', '30000000-0000-0000-0000-000000000057', 21.0, NULL, NOW()),
('40000000-0000-0000-0000-000000000058', '30000000-0000-0000-0000-000000000058', 2, NULL, NOW()),
('40000000-0000-0000-0000-000000000059', '30000000-0000-0000-0000-000000000059', 3, NULL, NOW()),
('40000000-0000-0000-0000-000000000060', '30000000-0000-0000-0000-000000000060', NULL, 'closed', NOW()),
('40000000-0000-0000-0000-000000000061', '30000000-0000-0000-0000-000000000061', 26, NULL, NOW()),
('40000000-0000-0000-0000-000000000062', '30000000-0000-0000-0000-000000000062', 50, NULL, NOW()),
('40000000-0000-0000-0000-000000000063', '30000000-0000-0000-0000-000000000063', 20.8, NULL, NOW()),
('40000000-0000-0000-0000-000000000064', '30000000-0000-0000-0000-000000000064', 5, NULL, NOW()),
('40000000-0000-0000-0000-000000000065', '30000000-0000-0000-0000-000000000065', 2, NULL, NOW()),
('40000000-0000-0000-0000-000000000066', '30000000-0000-0000-0000-000000000066', NULL, 'closed', NOW()),
('40000000-0000-0000-0000-000000000067', '30000000-0000-0000-0000-000000000067', 25, NULL, NOW()),
('40000000-0000-0000-0000-000000000068', '30000000-0000-0000-0000-000000000068', 46, NULL, NOW()),
('40000000-0000-0000-0000-000000000069', '30000000-0000-0000-0000-000000000069', 21.0, NULL, NOW()),
('40000000-0000-0000-0000-000000000070', '30000000-0000-0000-0000-000000000070', 3, NULL, NOW()),
('40000000-0000-0000-0000-000000000071', '30000000-0000-0000-0000-000000000071', 4, NULL, NOW()),
('40000000-0000-0000-0000-000000000072', '30000000-0000-0000-0000-000000000072', NULL, 'closed', NOW());

INSERT INTO alarm (id, sensor_id, compartment_id, alarm_level, sensor_type, value, message, acknowledged, created_at) VALUES
('60000000-0000-0000-0000-000000000001', '30000000-0000-0000-0000-000000000001', '20000000-0000-0000-0000-000000000001', 1, 'temperature', 38, 'A1-电力舱温度超一级阈值(38>35°C)', FALSE, NOW()),
('60000000-0000-0000-0000-000000000002', '30000000-0000-0000-0000-000000000028', '20000000-0000-0000-0000-000000000005', 1, 'gas', 28, 'A2-燃气舱可燃气体超一级阈值(28>20LEL%)', FALSE, NOW()),
('60000000-0000-0000-0000-000000000003', '30000000-0000-0000-0000-000000000053', '20000000-0000-0000-0000-000000000009', 2, 'water_level', 35, 'A3-综合舱水位超二级阈值(35>=35cm)', FALSE, NOW());

INSERT INTO interlock_log (id, compartment_id, trigger_type, trigger_value, action, created_at) VALUES
('70000000-0000-0000-0000-000000000001', '20000000-0000-0000-0000-000000000005', 'gas_level2', 28, '联动启动排风+禁止人员进入', NOW()),
('70000000-0000-0000-0000-000000000002', '20000000-0000-0000-0000-000000000009', 'water_level_level2', 35, '联动启动排水泵', NOW());

INSERT INTO inspector (id, name, phone, department) VALUES
('80000000-0000-0000-0000-000000000001', '张伟', '13800001111', '运维一部'),
('80000000-0000-0000-0000-000000000002', '李明', '13800002222', '运维二部'),
('80000000-0000-0000-0000-000000000003', '王芳', '13800003333', '运维三部');

INSERT INTO inspection_order (id, inspector_id, compartment_ids, check_items, status, scheduled_start, scheduled_end, created_at) VALUES
('90000000-0000-0000-0000-000000000001', '80000000-0000-0000-0000-000000000001', ARRAY['20000000-0000-0000-0000-000000000001', '20000000-0000-0000-0000-000000000002'], '检查电缆温度、巡检配电柜、确认通风设备运行状态', 'pending', NOW() + INTERVAL '1 day', NOW() + INTERVAL '1 day 2 hours', NOW()),
('90000000-0000-0000-0000-000000000002', '80000000-0000-0000-0000-000000000002', ARRAY['20000000-0000-0000-0000-000000000005', '20000000-0000-0000-0000-000000000006'], '检查燃气管线接口、确认气体检测器工作正常、巡检排水系统', 'in_progress', NOW() - INTERVAL '1 hour', NOW() + INTERVAL '1 hour', NOW()),
('90000000-0000-0000-0000-000000000003', '80000000-0000-0000-0000-000000000003', ARRAY['20000000-0000-0000-0000-000000000007', '20000000-0000-0000-0000-000000000009'], '检查综合舱支架、确认水位监测设备、巡检消防设施', 'completed', NOW() - INTERVAL '3 hours', NOW() - INTERVAL '1 hour', NOW());
